{
    "mtxl": [
        [
            208.5930895025972,
            0.0,
            240.76046538582582
        ],
        [
            0.0,
            207.97056463341244,
            287.48019830093716
        ],
        [
            0.0,
            0.0,
            1.0
        ]
    ],
    "distl": [
        [
            -0.010062369183301792,
            0.0035802183794535715,
            -0.0009694033104178081,
            -0.00029299860170092215,
            -0.00021898796034171365
        ]
    ],
    "newcameramtxl": [
        [
            207.47592163085938,
            0.0,
            241.3854377358366
        ],
        [
            0.0,
            206.09373474121094,
            285.92347196276387
        ],
        [
            0.0,
            0.0,
            1.0
        ]
    ],
    "mtxr": [
        [
            663.5024893237194,
            0.0,
            304.7172492347633
        ],
        [
            0.0,
            664.6310752652513,
            269.2534526370321
        ],
        [
            0.0,
            0.0,
            1.0
        ]
    ],
    "distr": [
        [
            -0.1808323719328367,
            1.5837865121120158,
            0.00903360465416992,
            0.00018626051063917973,
            -4.747242068138466
        ]
    ],
    "newcameramtxr": [
        [
            592.3378295898438,
            0.0,
            308.6611965637276
        ],
        [
            0.0,
            589.4651489257812,
            279.21986585327613
        ],
        [
            0.0,
            0.0,
            1.0
        ]
    ],
    "cameramatrixl": [
        [
            207.47592163085938,
            0.0,
            241.3854377358366
        ],
        [
            0.0,
            206.09373474121094,
            285.92347196276387
        ],
        [
            0.0,
            0.0,
            1.0
        ]
    ],
    "cameramatrixr": [
        [
            592.3378295898438,
            0.0,
            308.6611965637276
        ],
        [
            0.0,
            589.4651489257812,
            279.21986585327613
        ],
        [
            0.0,
            0.0,
            1.0
        ]
    ],
    "distcoeffsl": [
        [
            -0.010062369183301792,
            0.0035802183794535715,
            -0.0009694033104178081,
            -0.00029299860170092215,
            -0.00021898796034171365
        ]
    ],
    "distcoeffsr": [
        [
            -0.1808323719328367,
            1.5837865121120158,
            0.00903360465416992,
            0.00018626051063917973,
            -4.747242068138466
        ]
    ],
    "R": [
        [
            0.9725273682846556,
            0.047159223721940424,
            0.2279616756283083
        ],
        [
            -0.016777857598507834,
            0.9909179429664662,
            -0.1334171420826856
        ],
        [
            -0.23218316354061133,
            0.12592711354212519,
            0.9644860499992847
        ]
    ],
    "T": [
        [
            -10.294003063633625
        ],
        [
            1.662746948436981
        ],
        [
            20.053334220477655
        ]
    ]
}